post_url,post_created_on
https://www.indeed.com/pagead/clk?mo=r&ad=-6NYlbfkN0ClvsRMZZYbWkncYKklQZhomgGvtzxN2NDL0Yep_oEtFRBSc398mSurhg85pZ9IK4gRHBu1Qhrf5fzUBXSLc8LP_nM2x0y8uy-V-lpDHbLHEfeQWz8O2dX73EGp6BhVpiiSlW2WSFGHk9w21i5c6_teLvak6YS3N6J4GqwgZuhMaf_Mbn3rNy3JEB-6rqY1-Ro3IyJrYayAKbshbl2AFAkELNwzE0XvsxazP6X_8IjlsU9wNI6HHBiWP-c4bgLyb9VxBD5wqx-q95FZcKD8g79O9XOl8xg77-Yz5px-iMXnprmhMm-ydDPI7nqhJWDn0jReOaEaohmbbCkwRHlkyfYIpNeRk1q46RqxcaxG_S22THD8tcOI-aa16hjLEXOgV5w=&p=0&fvj=0&vjs=3,2020-06-26 21:07:16.086818
https://www.indeed.com/pagead/clk?mo=r&ad=-6NYlbfkN0ClvsRMZZYbWkncYKklQZhomgGvtzxN2NDL0Yep_oEtFRBSc398mSurhg85pZ9IK4gRHBu1Qhrf5SvFYbW1mUXv01OCHOxHQP0lORMyIz9o8xQHndongH4eTTT-jm4mXfpMwInvSSMHi6B5NTtGWym0BnDREnuYLt80v8LqcihNoSPCLhyIXKFeXjEpvFvrxBquVnN2fNPX4J_xdnozHH0QrqgFBAhjNUEGfgFHSkqI09xW271RbUwSLaPY61yhZYrSRxQz6cgFkDU9p0xWtrTOWeh1iPJRnJRcUZEywEOuzcQcwvL0885LgwS76yn2-wvddG1u3lXaGBWen6elQSNF4sRAMUBYju_VOV7zF1fl5V-IqZkqYhLD3h1FWt0xVoc=&p=1&fvj=0&vjs=3,2020-06-26 21:07:16.086818
https://www.indeed.com/pagead/clk?mo=r&ad=-6NYlbfkN0ClvsRMZZYbWkncYKklQZhomgGvtzxN2NDL0Yep_oEtFRBSc398mSurhg85pZ9IK4gRHBu1Qhrf5XTOHu1cdo0s_9BP8hX9ruAP8kxvBVQEkG86txAAy28MFGHIQknym73AtnEOeZ4hlv84ktqYXLkf8QZktCawfj6KIoWeCjulPFfUXMjt60THzuYtXie9t7ant5_e2W8JYb_prHzKh4mg4VdCz9ymhNAPfwelmPCZ4Q3P-dpU6u8PSJ_4oLckb-UY87bgcp9jQIHElumiXOvS5adZ3SSomzFOtQ32TTMSwq0aRtA1HfkkA4HvUSg7L581jxRTd7FkW0gCJpFcDbSII2XaA9cqRRdRX0x1wktfWrOEdF3IBYUtmTxwFfOZpvs=&p=2&fvj=0&vjs=3,2020-06-26 21:07:16.087817
https://www.indeed.com/rc/clk?jk=e65a19b6d76a43e5&fccid=6d3b991901343184&vjs=3,2020-06-26 21:07:16.088817
https://www.indeed.com/rc/clk?jk=9910c856561d77c8&fccid=dca1895e1760540c&vjs=3,2020-06-26 21:07:16.089816
https://www.indeed.com/rc/clk?jk=5f17415443b213f2&fccid=417d0e33f280e3d1&vjs=3,2020-06-26 21:07:16.091815
https://www.indeed.com/rc/clk?jk=de29fe3a9ffc8966&fccid=a8fb772635c86252&vjs=3,2020-06-26 21:07:16.092815
https://www.indeed.com/rc/clk?jk=fde24aaa687c0357&fccid=2da0dedf6df97194&vjs=3,2020-06-26 21:07:16.093815
https://www.indeed.com/rc/clk?jk=d147e71e874d603f&fccid=2a341562d64c7cdb&vjs=3,2020-06-26 21:07:16.094813
https://www.indeed.com/rc/clk?jk=b9ca5f82090faf0c&fccid=d5fd8339dedf4268&vjs=3,2020-06-26 21:07:16.095814
https://www.indeed.com/company/Top-Gun-Sales-Performance/jobs/Entry-Level-Data-Mining-Specialist-aba52de59b9fabdb?fccid=a922aea75db22fd9&vjs=3,2020-06-26 21:07:16.096812
https://www.indeed.com/rc/clk?jk=26fcb1852c64f234&fccid=0e7e5fe9219fd5cd&vjs=3,2020-06-26 21:07:16.097812
https://www.indeed.com/rc/clk?jk=c9d5b2403c98a9f1&fccid=becc20ec0bc10caf&vjs=3,2020-06-26 21:07:16.098811
https://www.indeed.com/rc/clk?jk=904d367363cd0675&fccid=d10207aabbbace1b&vjs=3,2020-06-26 21:07:16.099810
https://www.indeed.com/pagead/clk?mo=r&ad=-6NYlbfkN0AgONBeCfCTVljpwzR96jFX3mtyFC--n153CYnqiKkqISljYKMEhFI36wSzTFM2IQJJyDLH9vR-OX585m9vgZ3tzlmEWb5WLseNdouf5u6NH_auqKi7e1e6S3tvF2dHrzyt3cVKLLx8u_2Qrb42V6u0lmqWuKmzdJnN9fZKkQIk49QMyEx08c3rt7s5G5NtN8ZmZu2ctvQDotelbTkGiaNtFrE8q7Xt8qY1VYBkZHvMQhE3jp8-Y37k_mOU7QDXDuNjqta58t_A1k0RSYhAZFgT05fYNQ20rlpjnmJcwX9CV4kj8onOJhqtSuOMttvcybX1qLfozAyG7gadK4Y6-x33JId4YY75tZM97KTiO6hD2srX1QzolYYf&p=14&fvj=0&vjs=3,2020-06-26 21:07:16.100810
https://www.indeed.com/rc/clk?jk=904d367363cd0675&fccid=d10207aabbbace1b&vjs=3,2020-06-26 21:07:16.596406
https://www.indeed.com/company/AWD-Industries-LLC/jobs/Ph-D-Level-Mathematician-a6a439a0efb50db8?fccid=d1f387370ef5c327&vjs=3,2020-06-26 21:07:16.597414
https://www.indeed.com/rc/clk?jk=3c2a5e2a1632ff83&fccid=00de2a4244e56114&vjs=3,2020-06-26 21:07:16.598414
https://www.indeed.com/pagead/clk?mo=r&ad=-6NYlbfkN0AgONBeCfCTVljpwzR96jFX3mtyFC--n153CYnqiKkqISljYKMEhFI36wSzTFM2IQJJyDLH9vR-OX585m9vgZ3tzlmEWb5WLseNdouf5u6NH_auqKi7e1e6S3tvF2dHrzyt3cVKLLx8u_2Qrb42V6u0lmqWuKmzdJlpbU4TWSm31WQUQtPxTvN6NTmA-NAoI94E8oy4mL9qBCPjxGipXltORKO27F40FUol_r_lFhvhQcqAyPFadcwtOcxEPwo9oOPb1vb-266cVMBzfhd7xN4ESLx3XLEy1iwimAQHcpplojU4_tgOoJmJ0ccZzZ3xEu9_8Y13Gj-qXCJOLi9DEQM-kQxEjiIaQXCvTN8XhtYLHZ8jWco-M1Qv&p=3&fvj=0&vjs=3,2020-06-26 21:07:16.599413
https://www.indeed.com/rc/clk?jk=548620b60cd66a77&fccid=17d397c17f760b21&vjs=3,2020-06-26 21:07:16.600416
https://www.indeed.com/rc/clk?jk=cd9d91eac3806890&fccid=59960b35ca3f207e&vjs=3,2020-06-26 21:07:16.601416
https://www.indeed.com/rc/clk?jk=5accaf91ccec1ec2&fccid=9d99f0f32978ef17&vjs=3,2020-06-26 21:07:16.602415
https://www.indeed.com/rc/clk?jk=71994a5b4cf17fa2&fccid=f1374be6a45f4b8a&vjs=3,2020-06-26 21:07:16.603415
https://www.indeed.com/rc/clk?jk=cca9520af8d0afa8&fccid=0e7e5fe9219fd5cd&vjs=3,2020-06-26 21:07:16.604414
https://www.indeed.com/rc/clk?jk=c2b34df4aa700c80&fccid=c762a27145bd166e&vjs=3,2020-06-26 21:07:16.604414
https://www.indeed.com/rc/clk?jk=02acd7bd8b1c4263&fccid=ee1602ec4d84fcd0&vjs=3,2020-06-26 21:07:16.605414
https://www.indeed.com/rc/clk?jk=47ac3a87e06a6423&fccid=1fb2d72b890363ec&vjs=3,2020-06-26 21:07:16.606414
https://www.indeed.com/rc/clk?jk=fc312ed267dd1808&fccid=12f1fd5dba253774&vjs=3,2020-06-26 21:07:16.608412
https://www.indeed.com/rc/clk?jk=3415220261e2df5d&fccid=5ac3fadc1f823e63&vjs=3,2020-06-26 21:07:16.608412
https://www.indeed.com/rc/clk?jk=5eb782b46fc62b58&fccid=3c74eafe288fc8ca&vjs=3,2020-06-26 21:07:16.610411
https://www.indeed.com/rc/clk?jk=1fd2655684ca4033&fccid=9e215d88a6b33622&vjs=3,2020-06-26 21:07:17.137365
https://www.indeed.com/rc/clk?jk=3dbe79febf5e4765&fccid=d9d52566d47ab815&vjs=3,2020-06-26 21:07:17.138365
https://www.indeed.com/rc/clk?jk=303a04c0330cb53c&fccid=6cdc02f8335b1ff2&vjs=3,2020-06-26 21:07:17.139364
https://www.indeed.com/rc/clk?jk=73a047ab57f36fbc&fccid=c3b8389ba1f05d96&vjs=3,2020-06-26 21:07:17.140363
https://www.indeed.com/rc/clk?jk=76a910087a881cfc&fccid=e3977494b2ebf993&vjs=3,2020-06-26 21:07:17.141368
https://www.indeed.com/rc/clk?jk=941aa39d4763c70d&fccid=212bd0e1a939f8db&vjs=3,2020-06-26 21:07:17.141368
https://www.indeed.com/company/Farm-Journal/jobs/Data-Scientist-d0d22634a5825b51?fccid=8251f7def9a2c9d4&vjs=3,2020-06-26 21:07:17.142367
https://www.indeed.com/rc/clk?jk=dd1f75fb29e97f0e&fccid=6685118f0666d9ec&vjs=3,2020-06-26 21:07:17.143366
https://www.indeed.com/rc/clk?jk=fe87c4cacc7bd452&fccid=2f95540d2c6987f7&vjs=3,2020-06-26 21:07:17.144365
https://www.indeed.com/company/Altversity/jobs/Data-Science-Machine-Learning-Research-Intern-769ddfc4c72afbac?fccid=551acb1efd30cba2&vjs=3,2020-06-26 21:07:17.145365
https://www.indeed.com/company/Change-Everything/jobs/Data-Analyst-Intern-e6fe91baf90756cf?fccid=992d9aa44d561e3f&vjs=3,2020-06-26 21:07:17.146364
https://www.indeed.com/rc/clk?jk=eb34da934c628ec0&fccid=caeda5ad09a34584&vjs=3,2020-06-26 21:07:17.147363
https://www.indeed.com/rc/clk?jk=48441dc815d46a3e&fccid=a6ecb44bea23e5cd&vjs=3,2020-06-26 21:07:17.148363
https://www.indeed.com/rc/clk?jk=79f11872e67551a7&fccid=1bc7c41fd9ca0a9d&vjs=3,2020-06-26 21:07:17.149363
https://www.indeed.com/rc/clk?jk=c3496c6be78f71d8&fccid=a6ecb44bea23e5cd&vjs=3,2020-06-26 21:07:17.150362
https://www.indeed.com/rc/clk?jk=312ec94536b68214&fccid=1b866506aec22461&vjs=3,2020-06-26 21:07:17.717014
https://www.indeed.com/rc/clk?jk=4e52ecdc2101f78f&fccid=45f7e11d0973ee3a&vjs=3,2020-06-26 21:07:17.718013
https://www.indeed.com/rc/clk?jk=b599579737b6e956&fccid=b9a5944ce9a9d944&vjs=3,2020-06-26 21:07:17.719013
https://www.indeed.com/rc/clk?jk=4d0ed859a122e4ba&fccid=4810863341d86f72&vjs=3,2020-06-26 21:07:17.720012
https://www.indeed.com/rc/clk?jk=02582dd8f1626397&fccid=5ac3fadc1f823e63&vjs=3,2020-06-26 21:07:17.721012
https://www.indeed.com/rc/clk?jk=4e836aaa5f34b0c3&fccid=5ac3fadc1f823e63&vjs=3,2020-06-26 21:07:17.722012
https://www.indeed.com/company/Solvus-Global/jobs/Machine-Learning-Engineer-509911bad5c03643?fccid=c75de734dada38c5&vjs=3,2020-06-26 21:07:17.723011
https://www.indeed.com/pagead/clk?mo=r&ad=-6NYlbfkN0CqQJ8fSTs6IWaHyuzb70w2-MvmXRF19zoGU3ZTTh-HdWtKe2VbiED_90Zs4LRc8eiTvWWy9s7Kau9QAolMrcM0FFq3O2QecGNUikGiz3dSQu70zCF_q7QrbUh1_DzeW61tl0xIUp_FhIK75qgMGAFplzlnsZZ99D-T-0Hw6axdEww_1rMQyCrS8urkTObxKS3qjFDHilpEDa1NkBjZ3Wm0Wy1hY8V-QjLbg2inspfBwVwQtNNqS5qeP4S6RhF306HeVhnD2KUrN4YdIJSth1ZNYpbVy7ajDrVLWHXgB0d_1ytBLMh_UN1KCDnbN9PADKUPrZxoGK6zWTHHnM2pI3KGeRA9quBCkjlFMFnZOWkUGdfqD6Pdw_iRe6soAzmALU0oaXzNAbragMpHcwNMSIBuLLQOk-bD0dnLq4FLXEK3cBgVkbuovsQFaurSqWuatHfQEShGU0N5vQ==&p=7&fvj=1&vjs=3,2020-06-26 21:07:17.723011
https://www.indeed.com/rc/clk?jk=1fd2655684ca4033&fccid=9e215d88a6b33622&vjs=3,2020-06-26 21:07:17.724010
https://www.indeed.com/rc/clk?jk=19c0be7a3152a671&fccid=9dbb544780054370&vjs=3,2020-06-26 21:07:17.725010
https://www.indeed.com/rc/clk?jk=3dbe79febf5e4765&fccid=d9d52566d47ab815&vjs=3,2020-06-26 21:07:17.726009
https://www.indeed.com/rc/clk?jk=303a04c0330cb53c&fccid=6cdc02f8335b1ff2&vjs=3,2020-06-26 21:07:17.727009
https://www.indeed.com/rc/clk?jk=73a047ab57f36fbc&fccid=c3b8389ba1f05d96&vjs=3,2020-06-26 21:07:17.728008
https://www.indeed.com/rc/clk?jk=15d891128f8cdaa3&fccid=c1099851e9794854&vjs=3,2020-06-26 21:07:17.729008
https://www.indeed.com/rc/clk?jk=76a910087a881cfc&fccid=e3977494b2ebf993&vjs=3,2020-06-26 21:07:17.730006
https://www.indeed.com/rc/clk?jk=c174f7ba10f37012&fccid=91c4927c2602cbd4&vjs=3,2020-06-26 21:07:18.236456
https://www.indeed.com/rc/clk?jk=4c055425459d0ce1&fccid=5e8228a974afd673&vjs=3,2020-06-26 21:07:18.237456
https://www.indeed.com/rc/clk?jk=112231f5e244b708&fccid=66c76b82e655d02f&vjs=3,2020-06-26 21:07:18.237456
https://www.indeed.com/rc/clk?jk=c4e09425109709ec&fccid=e3977494b2ebf993&vjs=3,2020-06-26 21:07:18.238456
https://www.indeed.com/rc/clk?jk=9e633ba258c92c14&fccid=26727f1861532c63&vjs=3,2020-06-26 21:07:18.239455
https://www.indeed.com/rc/clk?jk=c755c0c7f14c8dec&fccid=9ee66ada40315e6d&vjs=3,2020-06-26 21:07:18.240454
https://www.indeed.com/rc/clk?jk=3bdfc123abee2e59&fccid=a82ba43bbfe2b26b&vjs=3,2020-06-26 21:07:18.241453
https://www.indeed.com/rc/clk?jk=941aa39d4763c70d&fccid=212bd0e1a939f8db&vjs=3,2020-06-26 21:07:18.242448
https://www.indeed.com/company/Farm-Journal/jobs/Data-Scientist-d0d22634a5825b51?fccid=8251f7def9a2c9d4&vjs=3,2020-06-26 21:07:18.243451
https://www.indeed.com/rc/clk?jk=dd1f75fb29e97f0e&fccid=6685118f0666d9ec&vjs=3,2020-06-26 21:07:18.244451
https://www.indeed.com/rc/clk?jk=fe87c4cacc7bd452&fccid=2f95540d2c6987f7&vjs=3,2020-06-26 21:07:18.245451
https://www.indeed.com/company/Altversity/jobs/Data-Science-Machine-Learning-Research-Intern-769ddfc4c72afbac?fccid=551acb1efd30cba2&vjs=3,2020-06-26 21:07:18.245451
https://www.indeed.com/company/Change-Everything/jobs/Data-Analyst-Intern-e6fe91baf90756cf?fccid=992d9aa44d561e3f&vjs=3,2020-06-26 21:07:18.246450
https://www.indeed.com/rc/clk?jk=eb34da934c628ec0&fccid=caeda5ad09a34584&vjs=3,2020-06-26 21:07:18.247450
https://www.indeed.com/rc/clk?jk=48441dc815d46a3e&fccid=a6ecb44bea23e5cd&vjs=3,2020-06-26 21:07:18.248449
https://www.indeed.com/rc/clk?jk=000112dc701d2d0c&fccid=f3b836e645f9b36d&vjs=3,2020-06-26 21:07:19.022991
https://www.indeed.com/rc/clk?jk=67dceb1248d05cc1&fccid=116680a29a847a70&vjs=3,2020-06-26 21:07:19.023989
https://www.indeed.com/rc/clk?jk=f2d6432db9e92935&fccid=f057e04c37cca134&vjs=3,2020-06-26 21:07:19.024989
https://www.indeed.com/rc/clk?jk=e8d6b046aa80e731&fccid=cc5db1064f39465e&vjs=3,2020-06-26 21:07:19.025989
https://www.indeed.com/company/Change-Everything/jobs/Digital-Marketing-Analyst-Intern-5ed609654060853c?fccid=992d9aa44d561e3f&vjs=3,2020-06-26 21:07:19.026988
https://www.indeed.com/rc/clk?jk=05ab0a198259f0bf&fccid=fea34c44eddebdae&vjs=3,2020-06-26 21:07:19.027988
https://www.indeed.com/rc/clk?jk=66475675c59f1143&fccid=6b7a1dfe07e7f037&vjs=3,2020-06-26 21:07:19.028987
https://www.indeed.com/rc/clk?jk=1f91a1678c6fadb3&fccid=2d9d5cd1f8efa3a2&vjs=3,2020-06-26 21:07:19.029986
https://www.indeed.com/rc/clk?jk=bddcb1faeb174b60&fccid=3c78581902185d47&vjs=3,2020-06-26 21:07:19.030986
https://www.indeed.com/rc/clk?jk=d711cef6f3cfa4d4&fccid=af97857db3a698b1&vjs=3,2020-06-26 21:07:19.032984
https://www.indeed.com/rc/clk?jk=b3bda113d042cb58&fccid=d2f7bebf1337df8e&vjs=3,2020-06-26 21:07:19.034966
https://www.indeed.com/rc/clk?jk=0c019e936e0bd411&fccid=d3ee4a7355a0fb60&vjs=3,2020-06-26 21:07:19.035983
https://www.indeed.com/rc/clk?jk=c0a52abf12450dc2&fccid=3ef35aed877c5463&vjs=3,2020-06-26 21:07:19.037977
https://www.indeed.com/rc/clk?jk=81605ee476593d21&fccid=e3977494b2ebf993&vjs=3,2020-06-26 21:07:19.038981
https://www.indeed.com/rc/clk?jk=b54a122f68ab82f4&fccid=10b5a4abcc6bf067&vjs=3,2020-06-26 21:07:19.038981
https://www.indeed.com/rc/clk?jk=3fb161402d91ceb1&fccid=88e8a91c8a5af093&vjs=3,2020-06-26 21:07:19.508004
https://www.indeed.com/rc/clk?jk=5c15cff960bcb22d&fccid=dc802452c6157721&vjs=3,2020-06-26 21:07:19.509003
https://www.indeed.com/rc/clk?jk=21507653c317c0f5&fccid=3aaabf5c54e51db9&vjs=3,2020-06-26 21:07:19.510002
https://www.indeed.com/rc/clk?jk=66475675c59f1143&fccid=6b7a1dfe07e7f037&vjs=3,2020-06-26 21:07:19.511002
https://www.indeed.com/rc/clk?jk=1f91a1678c6fadb3&fccid=2d9d5cd1f8efa3a2&vjs=3,2020-06-26 21:07:19.512001
https://www.indeed.com/rc/clk?jk=bddcb1faeb174b60&fccid=3c78581902185d47&vjs=3,2020-06-26 21:07:19.513000
https://www.indeed.com/rc/clk?jk=d711cef6f3cfa4d4&fccid=af97857db3a698b1&vjs=3,2020-06-26 21:07:19.514000
https://www.indeed.com/rc/clk?jk=b3bda113d042cb58&fccid=d2f7bebf1337df8e&vjs=3,2020-06-26 21:07:19.515000
https://www.indeed.com/rc/clk?jk=0c019e936e0bd411&fccid=d3ee4a7355a0fb60&vjs=3,2020-06-26 21:07:19.515999
https://www.indeed.com/rc/clk?jk=c0a52abf12450dc2&fccid=3ef35aed877c5463&vjs=3,2020-06-26 21:07:19.516998
https://www.indeed.com/rc/clk?jk=81605ee476593d21&fccid=e3977494b2ebf993&vjs=3,2020-06-26 21:07:19.517997
https://www.indeed.com/rc/clk?jk=cccb759113f4173a&fccid=5d1506a5df73a48e&vjs=3,2020-06-26 21:07:19.518997
https://www.indeed.com/rc/clk?jk=b7313cc3e8ad502e&fccid=5d1506a5df73a48e&vjs=3,2020-06-26 21:07:19.519996
https://www.indeed.com/rc/clk?jk=b54a122f68ab82f4&fccid=10b5a4abcc6bf067&vjs=3,2020-06-26 21:07:19.520996
https://www.indeed.com/rc/clk?jk=a5e72ae1fa1cd067&fccid=cc35f9c14f8799a9&vjs=3,2020-06-26 21:07:19.521996
https://www.indeed.com/rc/clk?jk=b54a122f68ab82f4&fccid=10b5a4abcc6bf067&vjs=3,2020-06-26 21:07:19.964845
https://www.indeed.com/rc/clk?jk=fa56f99cab4c06da&fccid=23d0932d2fb66ef5&vjs=3,2020-06-26 21:07:19.965844
https://www.indeed.com/rc/clk?jk=8a1fa08e379309b5&fccid=66c76b82e655d02f&vjs=3,2020-06-26 21:07:19.966844
https://www.indeed.com/rc/clk?jk=872413b45ab18ceb&fccid=a19f34e542f56d99&vjs=3,2020-06-26 21:07:19.967843
https://www.indeed.com/rc/clk?jk=a5e72ae1fa1cd067&fccid=cc35f9c14f8799a9&vjs=3,2020-06-26 21:07:19.967843
https://www.indeed.com/rc/clk?jk=66475675c59f1143&fccid=6b7a1dfe07e7f037&vjs=3,2020-06-26 21:07:20.524002
https://www.indeed.com/rc/clk?jk=1f91a1678c6fadb3&fccid=2d9d5cd1f8efa3a2&vjs=3,2020-06-26 21:07:20.525002
https://www.indeed.com/rc/clk?jk=bddcb1faeb174b60&fccid=3c78581902185d47&vjs=3,2020-06-26 21:07:20.526001
https://www.indeed.com/rc/clk?jk=d711cef6f3cfa4d4&fccid=af97857db3a698b1&vjs=3,2020-06-26 21:07:20.527001
https://www.indeed.com/rc/clk?jk=b3bda113d042cb58&fccid=d2f7bebf1337df8e&vjs=3,2020-06-26 21:07:20.528000
https://www.indeed.com/rc/clk?jk=0c019e936e0bd411&fccid=d3ee4a7355a0fb60&vjs=3,2020-06-26 21:07:20.529004
https://www.indeed.com/rc/clk?jk=c0a52abf12450dc2&fccid=3ef35aed877c5463&vjs=3,2020-06-26 21:07:20.530004
https://www.indeed.com/rc/clk?jk=81605ee476593d21&fccid=e3977494b2ebf993&vjs=3,2020-06-26 21:07:20.531003
https://www.indeed.com/rc/clk?jk=cccb759113f4173a&fccid=5d1506a5df73a48e&vjs=3,2020-06-26 21:07:20.532001
https://www.indeed.com/rc/clk?jk=b7313cc3e8ad502e&fccid=5d1506a5df73a48e&vjs=3,2020-06-26 21:07:20.532001
https://www.indeed.com/rc/clk?jk=b54a122f68ab82f4&fccid=10b5a4abcc6bf067&vjs=3,2020-06-26 21:07:20.533002
https://www.indeed.com/rc/clk?jk=fa56f99cab4c06da&fccid=23d0932d2fb66ef5&vjs=3,2020-06-26 21:07:20.534000
https://www.indeed.com/rc/clk?jk=8a1fa08e379309b5&fccid=66c76b82e655d02f&vjs=3,2020-06-26 21:07:20.535000
https://www.indeed.com/rc/clk?jk=872413b45ab18ceb&fccid=a19f34e542f56d99&vjs=3,2020-06-26 21:07:20.536000
https://www.indeed.com/rc/clk?jk=a5e72ae1fa1cd067&fccid=cc35f9c14f8799a9&vjs=3,2020-06-26 21:07:20.536999
https://www.indeed.com/rc/clk?jk=66475675c59f1143&fccid=6b7a1dfe07e7f037&vjs=3,2020-06-26 21:07:21.009413
https://www.indeed.com/rc/clk?jk=1f91a1678c6fadb3&fccid=2d9d5cd1f8efa3a2&vjs=3,2020-06-26 21:07:21.010412
https://www.indeed.com/rc/clk?jk=bddcb1faeb174b60&fccid=3c78581902185d47&vjs=3,2020-06-26 21:07:21.011412
https://www.indeed.com/rc/clk?jk=d711cef6f3cfa4d4&fccid=af97857db3a698b1&vjs=3,2020-06-26 21:07:21.012411
https://www.indeed.com/rc/clk?jk=b3bda113d042cb58&fccid=d2f7bebf1337df8e&vjs=3,2020-06-26 21:07:21.013411
https://www.indeed.com/rc/clk?jk=0c019e936e0bd411&fccid=d3ee4a7355a0fb60&vjs=3,2020-06-26 21:07:21.014410
https://www.indeed.com/rc/clk?jk=c0a52abf12450dc2&fccid=3ef35aed877c5463&vjs=3,2020-06-26 21:07:21.015410
https://www.indeed.com/rc/clk?jk=81605ee476593d21&fccid=e3977494b2ebf993&vjs=3,2020-06-26 21:07:21.016409
https://www.indeed.com/rc/clk?jk=cccb759113f4173a&fccid=5d1506a5df73a48e&vjs=3,2020-06-26 21:07:21.017409
https://www.indeed.com/rc/clk?jk=b7313cc3e8ad502e&fccid=5d1506a5df73a48e&vjs=3,2020-06-26 21:07:21.018408
https://www.indeed.com/rc/clk?jk=b54a122f68ab82f4&fccid=10b5a4abcc6bf067&vjs=3,2020-06-26 21:07:21.019407
https://www.indeed.com/rc/clk?jk=fa56f99cab4c06da&fccid=23d0932d2fb66ef5&vjs=3,2020-06-26 21:07:21.020407
https://www.indeed.com/rc/clk?jk=8a1fa08e379309b5&fccid=66c76b82e655d02f&vjs=3,2020-06-26 21:07:21.021406
https://www.indeed.com/rc/clk?jk=872413b45ab18ceb&fccid=a19f34e542f56d99&vjs=3,2020-06-26 21:07:21.022406
https://www.indeed.com/rc/clk?jk=a5e72ae1fa1cd067&fccid=cc35f9c14f8799a9&vjs=3,2020-06-26 21:07:21.022406
